{
    "2023": {
        "Mixed": {
            "SF_topmatched": {
                "value": [
                    1.999999998980418,
                    0.6048112301975723,
                    1.0010411569099067,
                    0.5523131389429168
                ],
                "error": [
                    0.09746704602894074,
                    0.15383482596121698,
                    0.35360746298423656,
                    0.4739874682195601
                ]
            },
            "SF_nonmatched": {
                "value": [
                    0.6152604664002054,
                    1.1077480941550808,
                    0.8580468014519211,
                    1.720384193658506
                ],
                "error": [
                    0.059299322790847875,
                    0.09153720721578629,
                    0.4720349483914141,
                    1.0986910351914418
                ]
            },
            "SF_other": {
                "value": [
                    0.9730529874819911,
                    1.1027283285196436,
                    1.070206770206788,
                    0.868660976677073
                ],
                "error": [
                    0.08532624707683367,
                    0.06651324638646627,
                    0.2780769222115023,
                    1.3015593117739
                ]
            }
        }
    }
}